latitude_wgs84,longitude_wgs84,SUM_injected_liquid_BBL
27.92856,-98.39501,324876
32.188526,-101.39611,5311239
27.53039,-98.57061,0
33.26572,-99.88196,171915
32.90478,-102.09904,740779
34.009415,-98.18662,627648
32.36554,-101.87655,0
32.937157,-99.589066,0
31.9377,-103.99,14366534
32.101555,-103.540405,580363
32.93856,-94.88405,0
32.30956,-104.068115,584597
30.643955,-94.07446,0
32.14652,-103.64887,1760740
29.80261,-94.15755,0
32.071587,-101.895,19405207
31.752525,-99.67906,80566
32.93875,-100.23419,9116002
33.78987,-97.70959,0
28.345074,-99.09967,0
33.808437,-102.17469,1089263
31.228334,-103.13993,17935936
29.09314,-96.657036,1867533
31.891134,-104.08577,722550
29.776854,-96.00359,639145
32.50704,-101.584274,0
31.33867,-103.58199,0
35.801308,-101.40811,286825
31.29241,-101.55203,5002699
35.62692,-101.35947,139245
32.732197,-103.63268,65553
30.776743,-96.064354,0
28.606525,-98.50438,2605792
32.720375,-103.43882,23011237
35.85079,-100.53159,266955
31.902258,-101.89826,2246630
32.327972,-103.14011,99142
32.565628,-99.46787,220299
32.43479,-102.39747,4742680
31.733017,-103.494675,42525876
33.92706,-100.6028,383111
33.138657,-99.17001,637017
32.132263,-99.06397,255925
32.73441,-101.089226,38964
33.36085,-95.00419,0
30.925364,-101.95917,86454
31.963028,-103.97028,0
32.056908,-98.67691,0
31.355154,-102.39101,86339
32.56828,-101.97947,12920989
31.910975,-101.58422,0
32.143383,-101.969765,0
31.9888,-104.01995,69137550
31.997578,-103.37263,0
32.363792,-101.96855,7163410
33.179707,-98.23778,0
32.48725,-94.13986,0
32.57873,-94.8687,1988546
32.737617,-101.782646,0
35.608154,-101.424194,212612
33.542927,-97.090164,365850
29.99343,-95.459724,97834
33.675632,-97.72466,263605
32.02434,-96.377945,1969723
32.03931,-94.68739,0
32.45474,-94.08726,477471
32.208977,-104.07774,112859
33.644222,-97.416374,137620
33.975903,-98.21351,49990
31.824427,-103.90647,29553760
31.037386,-99.95503,24435
31.627218,-103.37057,35206796
32.84004,-94.77208,0
31.417723,-102.94891,1514892
27.862495,-98.342285,16695
32.764553,-104.15826,4642930
30.792725,-94.83003,0
31.128622,-103.40031,44580704
29.79969,-97.554,39867
34.03402,-98.948395,51885
31.917084,-103.99142,0
33.229797,-99.23693,442472
32.135143,-94.11814,0
32.977764,-99.439255,57090
31.3132,-103.761,0
31.344389,-101.95125,7988374
32.45612,-94.896965,12829492
31.927717,-103.04669,1844031
31.849197,-103.57991,0
28.275913,-99.28213,4210061
32.413082,-101.472725,2111136
31.964005,-103.055695,3030634
31.993063,-103.921074,42755164
29.261597,-97.779175,0
32.331005,-103.63372,584930
32.571064,-102.64746,21040744
33.657413,-102.46302,89370
30.568722,-100.565155,879647
31.985909,-103.521614,0
31.299099,-103.54902,50505285
31.398272,-101.38065,2285914
33.564236,-102.39635,0
32.104843,-102.643875,5365
30.812174,-102.52114,177127
31.808702,-103.11624,626368
36.23017,-107.54284,348463
32.854713,-102.90465,28056696
32.175,-100.35505,29150
31.890709,-103.67605,34584109
29.317022,-97.26773,4795531
31.835726,-103.405655,0
33.21845,-98.48319,96580
31.973972,-104.17822,0
33.736,-98.739845,121711
30.032934,-94.11753,13656088
32.287697,-102.82697,1110537
31.748972,-103.31363,0
32.473206,-101.18501,6481120
31.68209,-96.51361,169369
27.888605,-98.57458,1060240
31.989504,-103.80422,16725465
31.627657,-95.801895,3306841
31.00906,-101.47418,2338844
32.1197,-101.98549,2305509
31.616318,-101.97925,0
31.17639,-101.45703,1646708
33.668797,-103.7204,38593
31.777197,-102.24538,8604848
32.608738,-103.50314,0
33.98597,-98.21903,75779
31.709204,-96.04526,1098814
31.732355,-103.65321,2972146
28.027403,-97.373924,453602
31.506659,-102.80631,1278731
31.34746,-103.48771,0
31.522335,-101.5454,4853462
32.938858,-95.488884,4200624
32.437393,-101.7409,0
31.641926,-103.29819,52930483
33.627277,-97.3914,759000
31.732222,-102.22677,9391172
31.54138,-103.83104,0
32.16471,-101.87954,0
31.734632,-101.61288,0
32.505367,-101.50697,0
32.133904,-101.878204,1189662
30.511454,-100.79608,135895
31.855003,-103.67199,24481973
31.7205,-104.06,35356147
28.501907,-99.87918,0
32.66658,-104.55665,27798
31.907879,-102.15558,0
26.617895,-98.315216,1649503
32.73482,-101.673615,0
33.102345,-102.94334,8982255
32.925137,-94.16916,703818
31.742044,-103.39156,0
31.515953,-102.43609,88410
33.36183,-98.54208,0
31.515429,-103.93842,0
33.997276,-99.15537,571521
32.64517,-98.51908,42707
28.878405,-97.97313,26611319
33.484543,-97.32285,31155
31.8593,-102.062904,6285771
33.711334,-97.382286,385424
31.30393,-100.98243,0
33.14706,-99.38251,0
31.651522,-95.769165,4104030
29.853735,-94.15345,0
33.817883,-97.504845,853732
32.676926,-94.13172,63
27.781431,-98.85976,4435
31.53187,-101.75678,27415226
33.04742,-98.31809,1333253
31.798586,-99.120995,33180
34.067635,-98.79028,10200
34.083473,-99.020096,826309
30.25566,-93.77134,0
31.15704,-103.47153,0
31.720001,-99.10013,5053
27.7343,-98.74938,388317
33.28698,-102.55899,752749
33.194714,-98.21031,2300320
32.306034,-101.951225,0
33.128185,-100.225716,1060320
32.73078,-100.93866,6672251
32.520523,-101.534454,762595
29.845776,-95.85727,0
35.879673,-101.706894,16644
33.7103,-100.26911,2813583
30.964685,-101.65785,15545
27.674397,-98.8245,19169
33.705376,-98.72934,286710
27.942255,-98.62755,1718513
31.47865,-94.11436,16055673
31.494106,-103.453674,0
32.19584,-100.27293,419453
28.075972,-97.52437,43201
30.570612,-96.92803,471254
32.268005,-104.12739,50880559
31.507975,-103.11267,51536
33.982033,-100.5157,0
35.78488,-101.35515,323937
33.80127,-97.44354,1137759
32.58791,-101.95437,5390929
35.806858,-100.03973,568634
29.62336,-94.83616,0
33.249363,-99.10324,4310
32.46842,-94.91888,160
30.97177,-103.05279,0
29.234041,-96.22243,409590
32.453125,-102.33564,1133592
34.05751,-98.80841,158490
33.677197,-97.05409,0
33.272438,-98.36156,8800
28.531954,-98.53794,579153
33.044636,-100.25095,0
31.85544,-103.82802,0
31.423092,-101.74276,17458389
33.833416,-97.859024,1104352
31.822094,-102.02402,12203888
32.38072,-94.59265,8058152
32.182835,-103.776306,568774
31.971752,-104.01351,9196454
31.823374,-103.89441,0
30.817339,-101.30458,49199
31.26203,-95.21122,5952576
33.759182,-97.99288,0
29.027033,-96.536964,124237
32.873196,-98.807236,297498
31.796228,-101.62832,6761157
28.454027,-99.04426,9234554
33.902473,-98.68652,0
33.69837,-97.70395,0
36.67143,-108.22771,1705613
35.48165,-100.94815,10825
35.653732,-100.35962,216594
32.263027,-94.47015,1704501
31.87748,-103.16765,0
30.885456,-102.467834,128382
33.68504,-97.01113,15475
33.782837,-98.62365,908204
32.587048,-94.84188,20208343
30.150232,-94.44099,0
31.228882,-101.2219,400789
33.21156,-98.391304,299181
26.584955,-99.13773,764070
32.359955,-101.40275,5992052
34.05704,-98.70193,2915
31.21985,-103.33259,3230040
29.857283,-95.39235,0
26.047413,-98.03711,41570
32.780163,-97.89016,5117965
32.690807,-95.835045,116716
30.715033,-93.63176,72227
28.428228,-99.73081,8722494
31.746752,-102.95047,0
31.481844,-103.137794,0
30.05445,-95.67557,2153530
36.28369,-107.86303,1425100
32.532845,-102.596085,1344079
31.750387,-101.69784,669136
31.782682,-103.597244,42519878
31.867077,-103.78504,0
33.622623,-97.04299,1950357
30.041964,-94.58126,0
31.637165,-94.4517,3084250
32.82597,-95.49936,2659753
28.629421,-96.87281,0
32.953266,-102.851425,9282172
32.0511,-101.474464,456927
32.358627,-101.42503,157428
31.798592,-102.559654,77160
36.731148,-108.31066,132491
27.748035,-97.718544,2
31.678055,-103.18047,86582
32.53506,-101.70719,0
29.869164,-94.26782,11737
31.75588,-102.0347,3274546
31.538664,-101.76357,194685
33.242447,-98.36404,0
32.93032,-98.70654,424259
32.331604,-103.75503,57647
28.673382,-97.53004,0
31.64055,-103.491356,11690548
31.422352,-103.87203,0
31.690786,-102.615166,11927384
32.242332,-94.125374,1594426
34.03332,-98.549484,179508
34.08244,-98.72783,173400
29.949358,-94.0344,2755131
31.59545,-101.16875,297788
31.936594,-102.64802,0
31.919416,-95.475365,334623
31.354244,-103.530426,56757491
31.83549,-103.71441,16202909
32.94009,-100.84108,0
34.098007,-98.556046,109262
31.146685,-93.9674,0
31.71798,-103.83893,4000
31.167498,-103.04287,0
32.280014,-102.5175,19762346
31.66506,-101.69956,468634
33.613396,-97.06062,0
32.58705,-101.21362,0
31.943834,-103.60055,15802637
35.934658,-101.537895,29497
31.52718,-102.77851,295507
27.402819,-99.410355,0
33.33974,-98.26923,354480
29.778584,-94.57497,0
33.445217,-99.76003,7825
32.189854,-102.18713,25301242
32.622223,-103.55352,88459
33.521255,-96.888824,90530
32.287224,-101.50036,0
33.124893,-98.06413,181871
32.11568,-101.87073,4630854
29.370369,-95.280495,923659
30.56383,-96.474724,754286
31.611761,-102.19617,0
31.14087,-101.18939,116843
32.16961,-101.63033,0
31.868279,-104.01783,0
32.39493,-103.5766,20971714
31.844908,-103.516846,0
28.774063,-96.65104,0
29.739,-94.46703,756747
31.673014,-103.745026,20301292
35.45318,-100.88078,1034649
33.93228,-97.71728,6286989
33.099667,-100.263245,275431
31.995129,-104.01025,0
32.36792,-101.69921,4130083
30.470673,-94.19025,3540068
31.589628,-103.570595,0
31.70831,-103.5199,18854767
31.298082,-101.13034,129814
32.736954,-100.9268,13248
31.968327,-100.066345,1610751
32.451447,-94.899956,6775558
28.799616,-96.729225,2231577
35.735718,-101.31181,142688
32.23174,-103.8003,64825563
35.63564,-100.36342,1880385
32.40215,-101.571,0
32.12183,-104.07072,26755972
32.621433,-103.508514,0
28.850222,-96.099434,0
30.95754,-102.92325,0
31.966557,-103.74129,46231275
32.398792,-101.66515,25048628
28.763847,-96.79258,392
32.119072,-94.59438,3174261
28.351473,-97.139336,0
31.501667,-101.08945,615749
28.773268,-96.99387,0
32.50239,-100.64046,279783
34.3509,-99.972565,186894
36.785877,-107.757195,1203656
26.396725,-98.181076,0
31.647278,-103.13858,22256045
28.044012,-99.39364,0
32.30703,-104.16747,9061896
30.460241,-95.00946,899372
32.82587,-95.49666,1170387
35.552532,-101.15025,462277
32.540524,-101.281815,3723223
32.903244,-100.115204,559459
31.88031,-101.5619,0
28.29097,-99.6191,439503
33.00807,-100.95801,0
28.206419,-97.38272,0
31.603302,-103.29694,0
32.774406,-104.22678,16981046
33.397957,-98.51838,65608
31.016548,-103.5224,0
32.20902,-103.96271,455862
32.662,-103.63275,12039
33.322495,-99.74988,123308
32.912003,-94.1216,108509
31.87565,-103.70855,15525195
31.876337,-104.19852,10424385
31.458508,-102.96879,15783
32.096714,-101.45603,3838809
33.74246,-97.52656,87592
31.859343,-101.4554,0
31.977123,-99.77249,1372453
33.19414,-100.23897,0
33.989605,-99.1951,658765
32.925507,-98.38449,157650
33.619884,-96.97729,1414582
27.407604,-98.088875,103485
32.75663,-103.37031,2298524
32.098255,-101.38551,23804775
32.09915,-102.52872,0
28.18349,-97.51899,0
31.101969,-103.25765,10328285
28.908258,-99.803406,9529
33.46801,-98.85653,6944
35.443443,-100.896164,78340
31.650158,-103.16453,0
32.893684,-101.2098,592672
31.261581,-95.22275,2376132
33.394886,-98.79184,29785
32.319714,-101.44054,0
33.662445,-102.18517,1202532
28.765924,-96.95933,1687287
32.750458,-100.67795,7658370
32.30157,-95.84862,1188161
31.706406,-103.198524,24900220
29.25541,-95.43284,3638278
33.767796,-97.53998,0
32.23,-103.0444,22829389
32.509075,-101.43862,9461201
32.38739,-101.8968,0
31.523169,-96.399124,1648167
32.263775,-101.56388,5223783
30.69838,-101.585236,17264
31.40979,-102.40789,1036596
35.555832,-100.523056,33994
28.054626,-97.338524,0
26.472528,-98.52974,4123648
33.893185,-98.74627,192667
30.738306,-97.02841,26
32.300953,-95.13985,221569
30.414541,-96.53952,6572197
32.797337,-103.876564,4053746
31.833557,-102.237335,0
31.88564,-101.91032,0
32.323837,-100.15851,0
28.262829,-98.21628,797413
32.799683,-103.78706,5706917
33.51129,-98.819565,18896
32.49385,-104.115776,940995
30.072117,-95.60941,0
28.565243,-97.82824,0
29.015574,-95.59972,21028474
33.664482,-98.32174,642520
33.045383,-102.36843,0
28.172518,-97.42623,0
33.448494,-103.50528,311694
28.644352,-99.18224,1596621
33.354725,-95.078064,8459964
33.368587,-102.48479,0
32.16785,-94.04958,5350102
29.582733,-95.03001,0
31.868568,-103.02924,3721631
33.51466,-102.80405,149697
31.177866,-103.61409,0
32.019478,-102.722534,0
32.487217,-102.85524,771400
28.051706,-97.359215,2092417
31.863787,-102.48922,3211429
31.934353,-102.37953,286561
26.421646,-97.58381,3149552
26.410028,-98.506516,49509
35.357952,-101.04516,0
35.426594,-100.67673,397535
35.620853,-101.42212,256494
30.138004,-95.428,0
30.937456,-103.28599,2023089
31.979832,-99.197395,29758
34.127743,-98.65413,799236
32.273598,-103.78062,1564077
29.411566,-96.16293,0
32.37529,-103.673294,797037
31.540579,-103.61939,0
32.318356,-101.77162,10113927
32.87703,-102.749374,479574
33.109547,-99.112686,16650
31.646763,-93.905106,348115
29.329845,-95.20618,2696778
32.550514,-99.176926,0
35.39123,-100.92589,894862
32.514812,-101.57348,0
28.778233,-99.548,0
30.976736,-103.55832,6155795
28.703285,-97.78865,0
33.04911,-102.78742,7110360
32.23072,-101.563286,18555
33.538124,-98.88471,42010
31.971888,-103.717255,48964405
32.77931,-98.83352,4857758
31.253736,-103.341385,0
32.301655,-103.153984,0
29.818052,-97.61323,7938878
32.094578,-101.363365,1142462
34.01016,-98.204765,10882
28.08525,-98.11142,118018
26.601984,-98.26651,726073
32.787434,-104.19457,0
31.752277,-103.423904,21438045
33.58174,-102.42631,0
31.833685,-102.237755,0
32.291813,-102.2537,0
31.312243,-103.66334,0
31.742695,-101.78003,36414
31.9231,-103.55197,0
32.491425,-103.69471,2698940
32.709103,-102.46106,0
31.410004,-101.91894,5638766
32.575447,-99.98185,141965
32.383682,-103.19143,14285501
31.811794,-103.15141,5988492
31.987175,-95.27979,5232246
33.591045,-98.71672,324962
35.913677,-101.49208,161301
29.509192,-95.31758,0
31.88694,-102.42521,30853
28.449568,-98.03973,0
32.26353,-97.70268,720513
32.049397,-100.2816,203652
33.67067,-98.24655,814563
31.75343,-103.33532,0
29.44935,-96.97964,1077283
29.22977,-96.28875,2624620
31.911268,-103.98089,0
31.851292,-95.33966,0
33.40878,-101.43847,9325
32.708733,-97.94183,7826071
30.107067,-95.00597,1040
30.288435,-95.35821,0
33.987988,-98.70362,37121
32.97124,-94.28451,0
32.972443,-98.88586,125354
32.4298,-101.50421,0
32.107807,-101.9964,26059416
32.81514,-94.17744,0
32.480858,-103.42566,2501546
31.371384,-101.537384,0
31.0297,-95.48393,56771
33.595306,-102.76151,69540
32.472847,-103.20396,9050752
33.7981,-97.92599,0
33.23931,-102.816284,6417843
32.494953,-102.63709,0
32.429146,-101.45093,0
33.319683,-99.45465,49662
30.915653,-101.93035,4115188
32.18351,-102.15146,3592253
31.923979,-96.419334,104578
31.41824,-103.14403,15881283
29.680813,-97.70919,176375
33.346832,-95.11489,0
32.76715,-104.22678,23823527
31.639196,-96.2653,2251473
31.907784,-103.82646,0
32.153465,-94.18555,2120729
32.98985,-98.49847,2670631
32.756287,-99.50855,0
29.972378,-94.96314,3034439
28.519915,-96.996086,8396575
28.896782,-96.48512,166367
31.003302,-102.01438,20774051
28.175598,-97.55472,37650
28.355629,-96.48733,2474587
31.638412,-99.28887,179619
32.60145,-101.74478,1319504
33.03247,-100.252396,0
31.688383,-104.06854,0
33.40728,-98.7232,28715
32.99309,-99.15746,521432
28.829119,-96.681694,559282
29.982552,-94.66819,298562
27.932966,-97.638466,0
32.15927,-94.899605,4411735
33.98919,-98.20205,23119
31.295563,-102.18683,129807
28.686922,-97.92825,142124
32.855488,-95.47284,467717
29.322397,-97.89643,0
31.594196,-102.11509,20203714
28.919569,-98.89762,154773
32.524506,-103.5207,39702679
32.7021,-103.42155,0
33.04643,-102.549034,0
36.421078,-100.33114,633752
32.332428,-101.59047,0
29.92334,-95.278755,252
31.817041,-103.84239,0
30.719013,-97.02008,648
32.37902,-97.36634,0
33.009632,-98.95627,13657
32.083126,-101.4492,0
32.180065,-101.827866,0
31.993217,-103.941284,0
31.95417,-102.3197,9555801
32.834255,-99.54495,474305
35.39428,-100.66461,112732
32.938732,-102.65992,816714
35.376534,-100.42772,10780
33.63095,-97.94876,81934
29.193027,-97.747406,45731
33.483406,-99.73541,4650
32.13613,-94.46736,0
28.880173,-98.60713,3202919
28.837427,-96.503685,1936
32.742195,-103.43886,2591997
30.06097,-94.17781,47496
33.306526,-99.09993,170205
31.421156,-103.42798,1499518
29.240406,-95.46474,103682
35.44611,-100.87235,88461
33.517193,-98.913925,17566
29.752209,-97.70298,47751583
35.47329,-100.793594,88739
31.913864,-104.32249,0
34.073612,-98.713356,66416
31.711725,-101.371796,5534304
35.41686,-100.89436,14520
29.993986,-95.08075,312967
32.59094,-97.68464,6220274
27.841503,-99.405785,0
32.548756,-95.63159,52840934
33.184834,-98.98868,128040
34.32088,-99.63349,4905
32.146515,-94.28383,890825
34.01998,-98.349724,13872
30.599129,-94.820045,206785
33.656605,-98.31718,1086
33.191788,-99.37259,322140
32.486973,-100.180695,0
31.477995,-103.60068,0
35.540375,-101.066055,182058
33.888775,-98.75256,23135
33.305893,-103.47491,0
31.519308,-101.65313,3702212
27.24751,-98.854935,745276
31.786942,-95.47335,7673766
31.295975,-103.10757,2009381
29.595505,-95.023415,2720
33.467945,-100.0325,0
32.271725,-102.696304,0
28.044235,-99.392525,20557474
30.540562,-93.76124,0
32.89359,-98.801765,4782042
34.03916,-100.03617,7725
31.07244,-102.39862,0
33.222202,-98.25637,0
32.012165,-102.594315,0
28.531168,-96.69517,271419
32.457382,-102.20504,0
31.408361,-101.76811,36776090
33.35218,-95.0747,0
31.99722,-102.67634,0
33.352577,-99.356255,75650
31.595789,-95.201385,459128
32.392902,-102.17287,18466166
33.65074,-102.18981,0
26.849754,-98.27215,459702
31.263424,-103.58775,30429736
32.46153,-104.526436,33318
33.32746,-94.87827,9158513
33.9113,-98.81248,188401
35.747772,-100.533615,792821
28.79111,-98.75321,0
32.51368,-100.54011,0
32.449875,-101.49598,0
31.498953,-103.387314,0
31.835922,-103.664474,0
33.24281,-100.86662,898409
28.80149,-98.153404,3011489
32.72817,-99.25642,0
31.503357,-102.72255,4104980
32.787693,-102.71733,0
31.952744,-103.67298,32853768
31.869469,-101.52081,0
34.035023,-98.538864,73684
33.86051,-97.49678,56632
32.49088,-99.00802,0
31.58833,-101.629524,1700824
32.065952,-104.16639,33057663
30.748285,-101.72714,2315533
31.82492,-103.90995,52768508
32.298183,-101.37507,6438931
31.169142,-103.44557,0
31.759066,-103.118744,0
31.335323,-101.55079,0
33.56973,-98.02701,442128
31.264894,-95.19993,16362
30.587524,-94.180466,2308703
32.46151,-101.22152,300369
33.19988,-102.93282,11610724
32.885735,-100.26317,733797
33.03007,-95.19233,1775028
31.788368,-94.760864,2044977
32.07348,-104.10728,0
33.0355,-101.399025,1890484
32.819443,-95.49225,1586230
32.609455,-102.86303,0
32.839687,-104.06051,83
31.608551,-102.50468,136
32.106102,-96.326195,646700
31.70671,-103.05239,56130
32.91036,-99.873924,150031
33.17656,-101.38186,368054
31.616034,-99.350395,0
32.422653,-103.1145,4632574
31.992872,-103.42213,10028889
28.785671,-96.6133,0
32.571922,-101.761604,0
31.889559,-102.66349,0
36.475864,-101.59087,0
32.56984,-101.361015,16199098
31.154276,-102.1063,28840
33.14912,-101.4058,104791
31.21984,-103.56954,0
33.567722,-102.95995,5903579
28.716965,-96.69851,0
32.29964,-101.75888,0
32.475723,-99.55826,0
28.77252,-99.13634,2815290
31.450596,-102.41906,3373488
28.772604,-96.65568,0
33.591354,-97.09214,0
29.101786,-95.784645,0
30.252415,-95.82654,4462
32.352505,-102.93696,673394
32.644505,-103.81108,0
35.73461,-101.507095,0
32.321873,-104.086044,384458
31.381338,-102.6134,1837226
31.876461,-103.164986,8599958
31.34758,-101.83335,37988877
30.18588,-94.064835,105733
31.983128,-99.75258,0
31.463411,-100.24441,0
28.60456,-96.85255,14787224
32.45318,-101.506615,0
31.207457,-103.494385,0
33.76456,-97.02531,0
36.302795,-101.03959,2054976
31.1922,-103.5815,0
32.16617,-102.2169,1453181
30.018967,-94.10818,22202162
33.928326,-96.92939,0
33.27116,-102.573456,0
35.651627,-101.25435,444048
32.237675,-94.88422,1190090
33.425163,-98.67936,0
28.078646,-97.440674,4525979
34.01554,-98.35595,649833
33.059372,-98.804924,59107
31.669836,-103.32141,40009929
32.818836,-104.17883,6541153
36.28647,-101.65526,0
33.07372,-101.39601,1383088
32.971813,-100.06223,75784
31.695604,-102.006905,0
31.214136,-100.68093,0
26.359371,-98.535385,211391
29.046968,-96.480606,46596
27.006058,-97.89678,1234499
32.368717,-102.11886,0
30.332378,-94.39023,104744
32.5552,-102.69284,249293
32.429043,-101.92309,4966671
30.267385,-95.38119,0
29.69908,-97.686455,624
32.175262,-101.23236,0
32.868675,-94.22787,3742025
32.199867,-94.30879,3908439
32.61962,-102.862366,102971
32.64828,-104.12844,23545
31.907106,-103.97,790790
32.211685,-94.17382,0
31.863297,-102.44808,0
31.188698,-102.23279,255210
32.754128,-94.04438,298849
32.20805,-103.49742,4396147
29.5425,-96.55223,35060
32.109184,-100.26619,2835718
29.235493,-96.188965,0
31.727922,-101.74734,0
33.041847,-102.35232,0
32.485065,-94.77072,0
35.419018,-100.79944,186195
29.664877,-97.65356,45235
31.999294,-103.60579,4041458
28.675234,-98.46862,574938
31.780575,-103.92754,7227141
28.281464,-99.77928,19505252
29.862398,-94.9168,8110320
31.85627,-102.05972,6130491
30.869923,-101.19107,3814044
31.869576,-103.75262,0
31.443213,-101.57753,19029191
31.553925,-102.4102,0
33.420433,-98.967255,162155
35.993797,-101.694336,1383643
31.868025,-101.613144,4890223
32.716717,-103.86378,1153044
30.951605,-102.01391,532897
34.01896,-99.36331,170619
32.296314,-103.91743,68641
35.722782,-101.37587,461250
31.984255,-102.526245,0
31.557001,-103.58232,408610
33.149967,-98.39058,8780
28.271574,-97.214226,0
31.768368,-103.94894,142098
31.876974,-101.63078,6098349
28.987358,-96.14984,0
32.985462,-98.59844,39600
32.01258,-102.5732,0
33.331345,-94.86039,17137799
30.230572,-95.364456,9635828
30.341007,-94.75266,390567
35.18914,-100.10499,12430
32.046257,-102.79817,1487798
27.914188,-97.71313,2050407
31.948969,-103.50535,0
30.803484,-93.80394,274497
31.368801,-102.833565,0
33.23541,-98.87146,0
34.03568,-98.541016,31626
31.136297,-101.346214,2361311
30.12842,-94.659225,0
32.72838,-100.5944,2442560
31.712887,-99.1106,59463
33.490944,-97.94411,15914
35.650963,-101.30821,0
31.643276,-103.16868,31674020
35.866875,-101.27508,0
35.501312,-100.0745,2343083
31.525064,-101.26146,0
30.920626,-101.94817,367557
34.035156,-99.45825,562716
31.965189,-101.83278,2974837
31.947935,-104.310844,0
28.537169,-96.91769,0
27.79779,-97.54608,0
31.249872,-103.31058,0
32.24064,-101.828125,0
31.80385,-103.688965,0
33.597515,-102.90958,0
26.596693,-98.397224,0
28.075542,-97.435234,1268293
32.10973,-96.02371,0
32.904217,-102.94835,639673
31.999474,-102.582466,0
28.010569,-98.55756,0
31.911386,-101.48668,7408913
30.263828,-94.60538,2081962
32.98068,-102.80393,22151220
36.305332,-101.16783,121854
32.365124,-102.35697,0
28.655697,-96.887375,5151117
33.523544,-102.6958,0
29.716957,-97.631645,0
28.374254,-97.124054,2748254
32.519974,-101.03662,82304
32.323864,-102.47407,0
29.033451,-96.02004,0
33.44302,-98.91826,0
35.733913,-100.68366,18559
31.973272,-103.566505,4683896
32.33093,-101.848076,0
28.629158,-98.810585,52447823
31.660816,-101.5291,0
32.71281,-94.65583,377515
27.840546,-98.61107,1412242
31.710102,-103.5641,0
33.01449,-98.82364,191160
35.666508,-101.27436,0
31.455864,-103.18062,21497818
33.720905,-97.575005,1074375
31.785692,-99.08804,70172
31.395494,-102.666176,178070
33.59339,-99.102066,707712
31.494286,-103.24337,12636560
32.357597,-102.54872,0
27.670267,-98.35037,0
31.868507,-103.16438,117082
32.56694,-102.06588,0
31.840225,-103.160835,11683450
31.689726,-102.05739,0
31.995604,-104.14289,0
35.66336,-101.411995,851774
35.695675,-100.26445,11301
32.35609,-101.78512,12212909
29.853735,-94.15345,0
32.336098,-102.99573,0
32.350822,-101.078186,641886
32.4041,-101.63101,7262768
31.943035,-93.99422,7501933
31.42152,-103.4337,14011341
29.254456,-95.909294,90651
32.13823,-101.635704,553477
32.41453,-101.45816,0
26.124237,-98.01476,100
32.10485,-101.39901,1264785
30.495365,-94.4588,1240536
32.45296,-102.8769,1679584
30.540665,-94.771805,4149580
31.9865,-102.64171,283213
33.821495,-98.46947,297512
32.55945,-94.93635,7251939
27.924181,-99.484,0
28.092773,-97.40041,0
28.419506,-97.05439,5366578
31.98361,-103.52201,0
29.87578,-95.88989,44549
33.546333,-96.899055,292589
28.117764,-98.86539,50747
31.790358,-103.107254,8050
32.384514,-97.36834,6769063
33.30447,-102.52318,0
27.790686,-98.57573,1814435
31.673214,-103.37921,42087418
29.90363,-97.52773,173675
32.93593,-100.19361,0
28.337254,-99.186226,5352669
32.35,-103.47716,4810238
33.297863,-103.69381,1814407
33.44885,-102.439255,0
33.17208,-101.37006,361908
32.06062,-102.0424,0
32.658722,-103.764786,456315
28.379929,-97.1449,917631
32.67837,-101.04786,0
31.780464,-104.32855,10418780
30.56848,-96.40651,10460039
34.120438,-103.86562,152561
33.683853,-97.000275,0
28.083021,-97.35741,0
33.34778,-95.11369,0
30.520618,-94.63754,172201
31.826681,-101.9633,7641232
29.581898,-95.17113,8558822
29.708378,-94.965485,5720057
35.74682,-101.70345,274342
36.996735,-108.2863,9158
34.04922,-98.66644,0
31.94724,-103.071266,0
32.169052,-101.90261,5888189
31.99613,-102.58046,1545706
32.38111,-101.723755,0
33.479893,-104.28336,551332
32.4936,-94.51821,1431439
31.42423,-103.70437,0
32.519505,-95.65882,6135807
31.365047,-101.640724,0
32.48079,-101.75448,4316154
28.42254,-99.75674,0
30.011795,-96.84576,9687517
31.874708,-103.1219,1354660
33.532764,-96.966896,0
31.880947,-103.7849,0
33.186,-98.13911,4701945
32.537098,-101.41521,28193413
31.700518,-102.465454,5956
33.04208,-100.09914,12980
31.270834,-101.025,0
35.95192,-101.512,1446738
32.994568,-100.23601,0
31.463335,-102.70508,0
28.946114,-98.45951,3593886
30.310682,-96.96571,0
33.097786,-98.80793,7722
32.415695,-101.563545,3681212
34.13707,-98.61984,432860
33.79131,-98.60868,171134
26.475195,-98.30817,2064670
31.877047,-101.58462,0
32.00025,-102.66346,273628
31.131636,-103.59457,0
33.77687,-96.88078,2992465
28.65066,-96.89346,0
32.124466,-96.33138,162914
29.456861,-95.58751,0
31.764595,-103.33041,18916729
28.169899,-97.5566,180542
29.26095,-95.90108,0
30.026924,-94.11409,5718394
29.3213,-95.56822,2449499
32.461517,-102.5944,87243
27.943995,-98.611145,0
32.071434,-104.36678,12022088
32.38102,-101.92861,0
31.265398,-95.19657,12008
31.787674,-103.92852,40071
32.78777,-98.86998,2076446
32.243607,-103.21563,172560
32.20809,-102.36038,1162730
34.03304,-98.54345,110711
29.243889,-96.311584,1937375
28.382326,-97.17977,9817721
32.43028,-98.791916,7908
32.162388,-101.23592,390889
31.530243,-103.950195,2086825
32.275887,-96.03697,266
32.319283,-102.73058,345039
28.717033,-96.40891,2570
32.320354,-101.51446,26009025
31.497791,-102.66944,0
32.27297,-101.67254,22385447
31.740753,-103.191,203227
33.044975,-102.69563,849730
30.721292,-97.018684,647
28.153217,-98.346085,0
32.390965,-102.62688,2511420
29.242056,-96.6742,1799496
31.869165,-102.03162,0
32.010365,-102.04107,10352124
32.383995,-102.309235,20017815
33.36993,-102.81649,4832078
32.44622,-97.24153,0
33.24427,-98.573135,38761
30.821287,-101.28863,39826
31.695967,-102.00535,0
29.862337,-94.928635,16708580
32.086357,-102.56451,0
29.837578,-94.17667,58542
28.766224,-97.873436,6944329
33.63695,-96.76626,111910
31.323566,-103.287674,0
32.515884,-99.69479,99350
31.030733,-103.49904,0
28.342344,-97.17602,614
31.075686,-95.463524,319708
31.366198,-101.52302,0
28.69499,-100.18761,71898
33.770348,-96.874985,23605
31.997686,-103.73857,46707406
30.95402,-93.544174,4350141
28.890514,-98.64326,2912290
30.162043,-95.74941,109
33.80843,-98.700356,153772
31.885092,-103.94694,19494289
29.963892,-97.48141,28238
31.88947,-103.80568,17944629
31.664936,-103.737114,38082551
28.72539,-97.07232,0
33.799164,-98.48179,1305451
29.453491,-97.23697,8538103
32.686905,-98.554016,0
32.214954,-103.66966,66032
29.158422,-96.01789,1398572
31.313423,-103.436356,31342016
29.757845,-94.40664,0
32.755234,-102.970024,0
32.588516,-102.64397,11040919
33.8691,-98.748474,294844
32.298576,-101.25501,5264111
32.39058,-101.88796,0
33.24923,-100.04468,103928
31.448828,-103.92806,0
28.933693,-96.52123,7153820
32.49463,-101.223885,2531160
31.821985,-103.27448,11860234
30.509966,-94.40555,1781059
30.857616,-102.93201,426174
31.733152,-103.01,2107708
32.100315,-101.859215,179081
32.48329,-101.35239,0
30.927237,-101.97287,83013
28.507235,-97.00827,0
32.501553,-99.4174,658537
31.027287,-101.59236,114626
26.505333,-98.57908,72026
28.89353,-98.52714,0
31.769232,-94.38142,4099874
27.375267,-98.127205,553676
31.498678,-102.77427,737885
31.293081,-103.22618,0
32.409023,-94.407135,1489553
32.699696,-104.17131,6374882
32.36715,-100.49324,2090274
31.886618,-95.90312,0
32.59805,-98.64468,287801
36.303917,-100.102974,1973226
32.340363,-94.11492,61600
26.93474,-97.831856,85397
29.902328,-94.68674,426523
31.263351,-101.690956,5934349
33.655212,-97.126595,270400
29.696901,-97.66988,80928
30.273207,-95.712875,85858
28.035437,-99.39232,14360626
31.997168,-103.5834,0
31.24186,-103.16732,10760032
32.693,-100.66415,3045689
33.35481,-98.147224,240301
28.878757,-98.7541,138
32.09099,-101.94005,4276221
32.32173,-101.63558,0
29.027699,-96.535446,554610
29.045998,-95.94882,5970463
29.790478,-96.9088,0
29.454706,-95.58566,0
31.19388,-103.19317,0
33.988438,-100.46134,586815
28.42254,-99.75674,0
28.785656,-96.00399,0
33.29355,-97.75024,10102644
33.67331,-96.622284,0
29.784002,-95.13136,306309
32.87311,-102.74089,6688588
32.770947,-102.462074,378461
29.597578,-96.242256,2795
31.649694,-103.75365,0
28.951527,-97.33528,0
32.36922,-102.199135,18572848
32.23206,-103.03943,0
32.740646,-98.81902,0
32.00628,-102.00925,4038895
31.97797,-101.90683,0
33.47841,-98.62481,10500
32.329037,-102.98228,0
32.806503,-103.77595,2755725
32.801357,-101.073845,0
33.266117,-101.5053,451111
34.32925,-99.36948,329629
26.459274,-98.37513,5021043
32.809147,-103.79973,11973722
31.424414,-103.34617,407151
34.04708,-98.96727,7068490
32.698177,-99.06691,92965
31.75635,-104.25547,37952093
31.274506,-103.32299,7028338
31.8114,-103.903,0
32.306034,-101.951225,0
33.817085,-98.512276,132055
33.177494,-99.21238,19535
31.893377,-95.92512,0
28.879633,-97.41367,2473605
34.03092,-99.256584,18760
30.155134,-94.42087,3100624
31.726742,-102.248634,2557072
31.41832,-102.35575,648655
31.208603,-103.08442,0
32.80049,-98.74796,264959
31.31369,-103.60009,48990955
32.619835,-102.498795,645644
27.331821,-98.08611,0
33.051876,-103.17743,0
33.17184,-98.47855,1326
31.880585,-103.318985,488635
30.752728,-97.01455,87
32.158314,-97.26161,0
32.35176,-94.04842,21945
32.233414,-100.26551,0
31.874077,-103.94514,0
33.8695,-98.98947,0
33.10442,-99.89529,0
35.40739,-100.62195,288688
28.548023,-99.75742,0
32.28222,-102.52309,5407895
28.072851,-97.44756,614604
32.521957,-95.65593,9403989
32.074085,-103.12732,5884485
33.979996,-98.92039,288884
33.34847,-95.07342,7600261
28.390972,-97.193565,2700284
32.37937,-94.05284,0
32.465446,-95.26955,0
31.829819,-101.30281,96111
33.02983,-101.223145,92088
32.639587,-99.9815,974975
32.01692,-94.739,1822138
30.275902,-93.892,1066509
32.291622,-104.11178,2425
31.4443,-103.6675,0
32.372684,-101.47688,46030895
29.759035,-97.70931,163493897
33.414425,-98.8903,56168
28.472435,-98.084305,79460
29.578506,-95.17058,2603743
33.545876,-96.90161,0
32.311012,-102.0454,0
31.751413,-103.71449,7445547
28.57782,-99.35559,1448290
31.966381,-103.66786,0
33.50244,-100.74846,690483
33.120846,-97.43625,0
28.119493,-98.02212,205095
31.538515,-103.454155,0
32.33657,-101.69776,218605
30.653849,-103.09051,0
29.411224,-96.1645,1714
33.006195,-98.680954,82471
27.144697,-98.92111,3091
30.608286,-96.13743,0
28.854946,-99.105606,1932984
31.33955,-103.05022,1321325
29.837435,-94.359116,4351776
31.11656,-101.40531,699
33.68858,-98.61252,257913
32.788265,-103.74672,4824408
31.670105,-94.36949,3630388
32.04954,-102.33411,6677304
32.779133,-95.627975,1316471
31.972609,-104.024376,10085619
32.56869,-98.201965,47520
32.89784,-100.92058,1268955
31.87481,-103.57176,0
27.921757,-98.69284,2212918
33.203804,-98.477264,114103
32.090675,-104.00107,9103770
32.2772,-103.75072,154841
36.251945,-100.938736,0
32.150753,-101.650215,12554464
28.69244,-97.322975,2302910
31.74678,-102.943405,8514125
35.314747,-100.93243,16501
31.891254,-103.828804,0
33.174526,-101.35411,483174
35.60084,-100.30087,2836341
31.836279,-103.63504,0
35.389015,-101.03873,0
32.448765,-94.90475,44599229
33.997883,-98.93702,679902
32.345657,-95.07425,1874907
32.472477,-95.25888,968252
33.179596,-99.27588,407460
29.879148,-94.93788,0
31.26212,-102.42583,0
32.57471,-98.67131,154475
28.48797,-97.009865,2224437
26.82597,-98.056465,0
28.05707,-97.332466,0
32.354107,-101.90869,0
33.88288,-98.865036,1949068
28.819778,-96.172966,0
31.6766,-103.674,0
33.387924,-98.36194,44922
31.667723,-101.56894,7921834
31.858944,-102.49533,16086
32.065067,-96.35884,0
32.99837,-98.18497,143765
32.613594,-103.26026,9237108
31.467598,-102.68482,6047058
32.148228,-102.02175,922437
30.753794,-101.72312,284060
32.698223,-102.65876,1325734
30.737715,-97.01809,26
32.3241,-103.16962,2889554
32.23003,-103.03379,22977696
32.57104,-101.22448,0
31.563925,-102.49369,0
31.1011,-103.58943,0
31.762566,-103.527626,1650
30.829327,-103.39356,0
33.439262,-98.469,0
32.714275,-100.690254,6585580
32.967552,-101.87726,8236369
28.328352,-97.18956,15220
31.909258,-103.08921,775210
31.538403,-103.57422,50513455
32.116646,-101.22972,370
33.774757,-97.38832,0
28.457035,-98.08724,5383248
33.345787,-98.58188,0
31.640646,-103.82647,40766677
32.786076,-103.97053,7339446
29.730791,-97.71834,49767031
28.384987,-97.16269,0
31.911507,-104.17633,19238618
30.06842,-95.60619,4652
31.605892,-103.20819,18523691
31.173645,-103.352,16124752
28.172007,-99.314354,6540223
31.643242,-103.51956,23834272
32.42311,-101.27159,21526478
32.45504,-101.835365,0
31.930979,-101.805595,30052859
30.096693,-97.52128,67745
31.838612,-99.651375,27891
31.575338,-101.6246,0
32.518673,-98.012276,0
32.325466,-101.24886,2430429
33.200542,-102.90057,0
32.5663,-101.91258,5498933
31.180574,-103.06838,12660502
28.714775,-97.977005,11020582
28.285486,-99.77957,42748995
31.967134,-102.36675,1679849
31.848234,-101.02929,284085
31.46713,-102.955666,123434
32.70298,-94.74394,13860
32.512234,-104.094086,27074610
32.252728,-103.27113,38364
33.859447,-97.63307,2099422
36.43375,-101.197365,476352
32.02446,-101.92161,0
32.683144,-94.47456,301098
31.769026,-103.20766,19419378
33.901302,-99.02342,220769
32.352905,-101.12128,380100
27.983765,-98.629974,0
32.66624,-104.42767,11019389
32.482143,-103.281235,132717
32.51649,-101.50267,326327
35.674232,-100.746185,386928
32.70677,-103.8423,0
31.714808,-102.91179,0
32.482903,-94.91675,16452612
33.832222,-98.72688,50100
32.518276,-101.57182,0
31.821707,-103.914665,56691831
28.90791,-97.2832,215625
32.962967,-102.76457,13735598
30.494818,-94.40551,3240840
31.15827,-103.3984,11946216
31.900763,-103.83966,22350843
30.749737,-94.688675,82269
31.614073,-103.16178,0
27.894356,-97.42677,0
31.308456,-103.65106,0
28.168797,-97.34454,269233
32.11716,-104.09868,300087
33.08668,-102.89759,2733636
29.923784,-96.95147,18973626
28.484629,-97.0384,2489285
31.976353,-103.74083,22310798
33.92757,-97.6758,1319296
28.698744,-99.133606,0
33.15467,-102.43652,790559
30.545927,-100.627975,1809626
33.44117,-102.9402,0
31.629538,-103.23425,0
32.804684,-98.320526,0
31.052053,-103.51352,0
36.85017,-107.63051,2275331
32.07921,-102.01602,6646185
31.316505,-101.813225,3702743
28.281116,-99.28754,13908453
33.53334,-98.26717,426624
29.02232,-97.03815,0
28.522457,-96.98818,10252228
33.39164,-100.662636,65130
27.919298,-97.1622,7487371
31.897974,-95.92134,0
30.890488,-103.36787,2551052
32.67716,-100.96315,0
32.53864,-103.56304,277456
32.625813,-103.51634,483493
29.868439,-94.27014,0
32.09218,-101.26329,15770
35.507977,-101.026726,0
33.16981,-101.38255,162268
33.579994,-99.1014,355886
31.576153,-101.61158,9119993
31.777111,-103.34175,0
33.452274,-98.87645,39786
32.234776,-100.442276,1331583
32.913097,-99.30703,247557
31.739685,-102.95413,0
30.735277,-97.019516,26
31.841505,-94.56065,814983
28.463604,-99.044,10902563
30.901634,-102.31907,0
31.992691,-103.566414,0
26.50966,-98.62401,0
36.75795,-108.073425,2358660
33.241367,-100.894516,369754
33.769962,-97.02743,1394275
31.324461,-103.2469,4380508
28.754406,-96.963264,2099574
32.395008,-102.42887,1182330
32.515034,-102.89954,9634529
29.985115,-94.21429,307033
28.798925,-98.16111,5017691
30.93498,-103.198044,9211
33.16187,-99.206184,837124
29.330158,-95.0711,645585
31.31632,-103.294685,30485457
32.25899,-103.1913,2422
33.470356,-102.69019,327693
33.584488,-97.402664,2874600
31.948084,-103.58576,0
31.366804,-103.66707,0
32.414513,-101.04952,807390
32.45182,-102.64264,3618279
28.871143,-97.92296,1029000
31.273579,-101.83551,20395498
32.42985,-94.93812,115182
32.798817,-98.31774,66176
32.583813,-94.48519,223704
32.364586,-97.71408,3002581
26.771973,-99.1238,1214256
32.27451,-101.7773,0
32.342117,-101.92534,0
32.466476,-100.99531,98583
32.83513,-99.231995,89
31.966179,-100.05149,989861
30.546843,-94.32353,0
31.900417,-103.99766,115949
33.788925,-98.79224,249334
31.9175,-102.462654,197425
28.851736,-99.796295,9773
30.50672,-95.221695,0
30.86159,-100.162254,26576
30.270329,-94.63664,5344
25.98301,-97.189514,0
31.496986,-101.52544,0
32.597397,-104.58585,6809388
31.658766,-104.11971,34340978
31.711752,-104.02295,4039921
27.858278,-98.690895,579036
31.869165,-102.03162,0
31.761765,-101.732765,0
31.469599,-102.67207,865818
29.453619,-95.56591,5111166
33.40908,-98.64073,87382
35.560223,-101.08854,47628
31.86473,-103.07299,1333556
32.00124,-103.969284,38363
32.6396,-98.919304,0
33.665195,-97.78783,7715
32.477108,-101.648796,5855987
31.977509,-103.590996,21789337
32.4283,-94.91055,4092843
31.99764,-103.59234,0
33.18282,-101.520226,508932
31.139025,-101.447075,4633969
31.140778,-103.288864,15094516
28.782722,-96.22686,0
31.868229,-103.67856,0
31.286354,-102.584114,334714
31.979166,-103.54912,0
31.719965,-102.76614,64269
32.338924,-101.331825,0
31.960669,-103.30129,0
33.221523,-103.14203,59566
32.01449,-101.76542,0
32.724373,-98.71336,914
31.366112,-95.832855,9110
29.761604,-97.69017,27028673
31.69682,-102.621864,1584731
31.884974,-104.337105,0
33.66936,-97.33879,348774
31.960697,-101.63565,0
34.280415,-99.7894,0
31.13391,-102.091125,0
35.606262,-100.234566,6701525
31.856264,-103.76268,22279732
32.2786,-102.04594,7168587
32.368874,-94.127625,13906608
32.537506,-102.57058,7984970
30.619661,-94.91946,1640
30.529724,-94.63205,0
28.472107,-98.990776,8092679
31.95655,-101.99901,159185
32.342808,-102.13864,2268142
32.095863,-103.2125,56201653
33.036003,-98.713264,16404
32.50028,-94.236946,2912199
33.57461,-103.60444,256528
29.23969,-96.16872,0
28.667927,-99.045456,0
32.48844,-103.20619,68432
31.020452,-102.816055,19107749
31.73014,-103.28454,7300775
32.30622,-102.72703,351587
32.71697,-103.17385,16205232
35.48803,-101.232445,19050
31.733461,-103.77024,0
33.40406,-102.92759,0
32.245747,-101.73391,0
32.336823,-97.31454,6408143
30.286594,-95.36433,0
35.59058,-101.23247,43310
32.1204,-102.006,2439487
31.962503,-103.25343,0
31.82167,-103.47365,16156780
31.506268,-96.37986,0
33.675632,-97.72466,0
33.25177,-98.48566,2110924
30.02788,-94.0841,0
31.708364,-102.46436,155933
32.70282,-102.24475,0
31.441624,-103.35432,0
31.395788,-102.50347,5429238
32.306072,-101.690414,4170776
29.77037,-96.005775,1171934
29.18338,-99.047516,29322
36.471806,-108.770996,427772
32.2673,-101.705,990121
33.71585,-97.37518,104640
29.562456,-94.40626,9987
30.375526,-94.30046,1872
32.505947,-101.50339,0
31.661545,-102.61755,9155418
28.417906,-97.99948,712936
32.39477,-99.1257,5497
31.388445,-101.46041,0
32.120937,-102.68861,50144
32.446266,-98.507065,900
31.18454,-102.944374,0
32.32023,-102.757225,14940057
33.97583,-98.21393,154713
31.033453,-95.48689,3843819
28.85036,-96.50916,4778442
31.429575,-102.323296,2901782
32.36892,-103.678635,1485356
29.608316,-97.738556,42697160
32.441154,-98.818596,591458
32.46108,-94.914604,37305827
32.1574,-101.791,5124604
28.180038,-97.26257,0
30.285559,-94.50363,16650
32.075974,-101.4615,3776134
31.930712,-95.41208,15982171
32.090206,-101.8956,5558898
27.700441,-98.71092,0
33.33243,-99.80168,65770
33.44807,-98.18671,47634
30.95937,-102.01295,1209818
30.167439,-94.76545,11400
32.042385,-96.367004,543
28.48938,-97.012505,3935035
27.494892,-98.01739,346703
33.711143,-101.75173,300334
27.831856,-98.623924,140041
28.009432,-98.59972,216717
32.54297,-98.559944,286534
32.176777,-102.98038,5758221
30.559782,-93.766106,2683
35.78109,-101.40811,448035
32.7437,-101.431755,0
32.362797,-103.155495,905730
31.920082,-102.23644,15272360
32.85302,-104.12352,936039
32.510826,-103.52677,26848259
32.543118,-102.03389,0
35.40873,-102.28199,0
31.645823,-103.13994,1436362
32.2856,-99.05483,800
32.005016,-100.079254,0
31.697071,-103.001396,13536
33.736294,-97.770164,714223
32.78488,-98.81209,3048811
32.378998,-94.92499,11553698
33.073357,-98.50671,22175
28.66109,-99.26222,3208172
34.218086,-99.51597,1939872
33.57934,-102.50078,345934
32.082962,-101.7873,13984642
33.223778,-100.14375,801332
30.870102,-101.65412,136397
32.471558,-98.79922,0
32.26865,-102.534256,11389599
30.853815,-102.76515,1668983
32.096046,-94.2647,1447364
31.732534,-101.80758,919492
32.02155,-102.584335,2250237
32.032043,-102.171875,0
30.585152,-95.53004,543351
29.694885,-95.73662,1978769
32.57338,-95.187744,19624431
32.903767,-101.53231,0
31.50947,-103.35203,0
28.41553,-99.70187,0
32.143677,-99.30154,66212
33.748703,-96.920654,30712
36.932766,-107.56108,3452446
31.709045,-102.58835,248989
32.28171,-101.12352,0
36.084892,-101.047134,52740
32.8305,-100.89699,19063
32.263023,-103.635185,277957
32.527027,-99.89998,1293010
32.634842,-98.98207,57945
28.596535,-99.3622,0
28.74627,-97.07201,0
32.631363,-98.820244,64321
32.03535,-95.5349,1264544
32.82207,-102.07918,3818962
29.85964,-94.886696,9336
31.83355,-102.44452,21749
32.52205,-97.603386,8820427
32.815277,-94.17778,0
32.015568,-102.578064,0
28.777382,-98.27882,27650434
33.18442,-99.767166,0
31.869165,-102.03162,0
32.338356,-94.94684,48093936
32.42589,-102.52847,1925250
31.844442,-101.90994,5334988
32.13469,-102.80613,623104
33.199566,-98.14558,38041
34.051228,-98.52959,499753
28.626774,-98.52781,1828408
31.303255,-103.07748,0
32.977196,-102.885925,9476769
31.487972,-102.81115,0
31.860792,-102.200386,25353985
32.51879,-94.93545,0
34.03972,-99.1942,394030
31.664677,-102.996994,34455
31.992275,-103.54666,55862693
30.522955,-94.42004,397877
31.04364,-101.19963,7184011
26.455135,-98.31227,1166469
32.419937,-94.9072,4147675
31.942667,-103.773415,17805917
29.068258,-95.84893,0
32.270214,-101.399025,0
33.34443,-95.19335,16962176
31.853546,-101.52622,1480027
28.311176,-97.32627,2482424
32.25295,-101.395386,0
31.748234,-94.98239,192951
31.280575,-101.41211,6326132
31.127811,-102.37062,380752
31.90327,-102.07039,5276999
31.951094,-99.30216,55629
32.41351,-102.82744,0
32.745895,-104.14014,788749
32.20966,-101.61703,18789408
31.275164,-101.582344,12118302
31.997635,-103.36663,17892032
29.379534,-97.01276,13717
31.796967,-102.41322,0
31.710747,-102.96259,0
29.325008,-95.57571,2861696
32.090084,-101.8357,0
33.416775,-98.77634,332500
32.476162,-103.151924,3338084
31.339777,-103.712,0
27.955736,-97.59973,0
33.774647,-99.72454,392147
31.605398,-103.18556,0
32.291035,-99.21379,0
31.976898,-96.39493,1777500
29.848425,-95.0272,82829
32.493607,-94.93153,47307197
32.580357,-101.861115,0
28.620085,-97.84109,0
35.86627,-101.46215,661396
32.632526,-101.01903,465409
32.148273,-102.44091,2578265
31.940813,-104.01038,14753228
32.55963,-94.94161,42671876
29.736792,-97.72085,528358
35.452274,-101.08592,21406
33.220253,-98.44336,5493
33.778378,-96.90082,101790
33.49997,-101.460556,1237338
29.440681,-95.55418,0
31.68438,-102.31625,0
30.089838,-96.89897,0
31.963123,-101.581154,3973471
31.456083,-103.57292,2973991
32.76617,-102.18157,3797873
31.740913,-103.11006,3294618
31.748133,-104.22345,37380428
32.758156,-95.45697,0
28.957954,-98.40141,760605
31.699505,-103.804245,26716208
31.583761,-104.06817,28442849
32.50207,-102.58494,4198
26.430464,-98.51893,0
31.849197,-103.57991,0
28.621916,-96.86597,14511
32.133583,-101.219086,796459
32.797325,-99.751396,0
36.775757,-108.26685,1287136
31.479029,-103.86526,0
32.633797,-102.64285,248261
30.758146,-96.23986,0
31.81695,-103.85397,0
30.148844,-94.42245,0
31.819454,-99.725395,7786
29.287535,-97.91339,14585
28.495693,-97.013214,0
30.265217,-94.605644,927745
33.333847,-95.209015,33241399
33.7417,-97.534706,409680
32.344734,-102.22642,23253201
32.342403,-103.72086,341358
28.806974,-98.91625,0
31.509333,-101.459984,9088861
28.94109,-96.2068,3611476
31.295988,-103.11229,0
33.35891,-95.04611,40821
32.800068,-104.10342,0
33.422646,-103.10055,2183886
31.803164,-101.15457,94332
28.351376,-98.124794,0
31.509193,-102.407936,450322
33.433144,-98.94199,403505
31.99363,-102.64299,257479
32.015945,-95.98223,6522260
28.475248,-96.511314,0
33.43479,-101.41616,932102
33.130814,-98.95512,266790
31.51038,-102.698425,0
31.643972,-103.85993,34812480
33.84046,-103.516495,2045380
27.841627,-98.66932,5645697
32.166515,-101.043396,1028339
33.985977,-99.20234,1394305
36.840668,-108.6457,0
29.724821,-97.72558,65922533
28.310036,-97.32718,827627
32.51536,-94.94567,0
29.228989,-95.16901,678712
29.196665,-97.48312,0
32.578167,-101.2035,0
32.394917,-101.48315,6170983
32.4565,-103.262566,28301197
33.448303,-98.603035,0
31.847069,-95.35113,3465844
33.672447,-103.541336,11594965
33.892155,-97.600296,295600
30.602287,-93.686646,0
33.55894,-97.80794,505
33.106033,-99.41168,62830
32.862236,-98.355835,219
32.052483,-104.24754,15824865
27.943813,-98.54955,0
32.546642,-100.36624,156679
28.20488,-97.169014,648615
32.01915,-99.113434,600
32.48522,-103.03736,108364
33.418217,-102.46514,0
31.938734,-103.526215,31133821
32.905586,-102.16021,0
33.360863,-94.99756,0
29.854221,-94.91114,0
28.658253,-98.52515,496661
32.990383,-98.471176,52719
29.89883,-94.58898,0
29.792885,-94.58153,0
32.771366,-99.6799,0
28.409912,-98.2589,0
33.493793,-102.49239,11711432
31.784931,-101.88477,13219198
29.702812,-97.75218,56027637
35.68474,-100.281364,42589
32.690083,-102.5832,22747035
31.57998,-96.12876,5151038
31.161678,-103.405365,399304
30.590294,-94.28725,0
33.24383,-103.09181,622693
32.256344,-102.18241,0
27.547987,-98.8113,0
31.958836,-103.52635,36828145
32.480965,-101.32594,1243433
31.9863,-103.702,0
28.81057,-98.54109,3973957
33.278164,-101.42675,785591
30.004698,-97.44439,18225
28.352694,-98.56785,0
30.274338,-95.08884,55573
33.43333,-98.93943,0
31.056648,-103.097824,0
31.422445,-102.10046,9152074
32.277798,-103.996315,88414
32.49804,-102.639656,0
34.078693,-98.688736,990702
31.769754,-94.76799,558478
33.029922,-103.45383,1258129
30.421288,-100.44013,0
30.242023,-93.75083,5567669
33.106472,-99.346405,4000
30.388885,-94.25744,636642
32.525085,-98.772224,387233
32.560753,-104.08227,454144
32.740734,-102.635185,0
31.806332,-103.234695,0
31.891275,-101.8719,6416710
36.00823,-101.637886,84424
27.113998,-99.05157,976749
35.590908,-101.163315,0
32.193157,-101.57389,0
32.44971,-102.55855,157658
33.478622,-97.7958,0
32.070152,-101.48502,6068787
31.637102,-101.77908,0
36.67859,-108.108154,130702
31.630701,-103.85576,0
29.688713,-97.76116,127003447
35.455486,-100.85072,130088
31.487997,-103.895004,0
30.604704,-94.85039,653863
32.050865,-102.47406,46150
33.154602,-97.26031,26647879
32.122173,-102.471405,0
29.329784,-96.68546,195823
27.984499,-97.263794,177
33.692173,-96.9844,169170
32.092793,-99.184845,287
32.56108,-94.08509,628578
29.708265,-94.67139,0
33.04967,-102.841934,0
28.35229,-98.74958,89685
35.690704,-100.32441,14375755
32.398888,-101.926575,0
32.58364,-104.01854,537
30.944904,-102.975716,0
28.39688,-97.171036,7870
32.04193,-101.94373,0
30.280174,-95.351364,16041691
32.468334,-101.418144,19063675
31.986784,-103.83542,24664764
29.158806,-96.01325,24549
31.695148,-103.52726,24537561
31.459572,-103.610115,27832574
33.599888,-98.75497,0
35.659508,-101.35316,10952
29.839499,-94.90596,0
29.91174,-94.58791,1024802
32.184162,-101.904396,0
31.792414,-94.14503,0
31.918736,-102.61192,13190
32.121777,-102.12494,0
33.628296,-97.38611,1280400
31.28197,-102.08589,0
33.35021,-98.52306,0
35.767525,-101.509636,61000
33.531467,-102.74884,536765
33.1398,-98.46704,1721
32.903946,-99.879005,130331
32.56668,-95.6472,148506
36.18523,-100.52648,2233730
32.34477,-101.51349,0
32.063053,-101.48301,607619
27.593218,-97.58691,0
33.106888,-98.30128,0
28.797832,-96.740845,4751830
32.45149,-94.89804,12567965
33.937668,-98.88132,0
29.744663,-94.25244,0
32.61343,-95.33414,0
32.62008,-103.03734,4578039
29.080349,-97.74979,0
33.05613,-100.26813,0
31.840092,-103.12469,0
28.035109,-99.48639,0
30.873182,-95.96144,0
28.084517,-97.44761,430508
33.48523,-103.15152,241179
27.501389,-98.7675,1641680
31.916258,-95.92692,34267303
31.784763,-101.68608,0
31.067265,-103.61364,42158704
33.788757,-97.06432,0
32.449093,-99.97217,314018
30.288435,-95.35854,1464
32.60134,-103.30143,3868274
32.771187,-102.05861,0
30.797445,-101.77869,551192
32.158173,-102.98123,0
28.267326,-98.78454,3711893
32.266823,-99.68544,12148
32.201473,-101.76425,0
29.450691,-95.5244,664732
32.393738,-94.476166,321730
29.688776,-97.75764,33645550
29.462776,-95.54651,1249833
31.506088,-102.68314,0
32.586365,-104.52652,415120
32.53921,-101.12253,0
31.6399,-103.81203,0
31.743288,-103.4204,20912372
31.723938,-103.71945,0
32.41241,-98.506584,6984
31.197948,-99.94094,0
35.70781,-101.37245,760503
32.05323,-103.70293,6143563
33.003185,-97.8432,1332271
31.317738,-95.42268,0
30.410463,-94.05391,1584631
32.996143,-99.095764,273917
31.538464,-101.92583,10260709
32.96183,-102.80669,600675
31.0661,-95.594505,0
31.181847,-102.94502,0
32.846054,-99.014496,4445
32.231663,-97.27385,0
31.023699,-103.52068,0
32.424767,-103.71813,31516191
30.753677,-97.01444,87
30.603045,-94.849464,0
32.302437,-102.60992,589911
31.892414,-101.871254,0
28.316978,-98.29151,0
31.721607,-101.99525,4203671
31.698574,-101.97864,2897984
30.278265,-95.37575,3589218
33.531055,-96.970055,0
36.84617,-107.50275,2870768
33.36994,-98.83938,775530
30.496023,-94.378746,0
32.555965,-95.61117,0
31.935226,-104.08657,0
33.272552,-101.507744,731489
27.712368,-98.78677,15366
27.931946,-97.37056,2019800
32.58034,-99.388115,13032
30.74386,-97.01399,87
28.058086,-98.439415,309640
31.393036,-104.03576,0
33.118153,-101.120926,44774
31.816362,-103.686646,0
31.760876,-103.74986,0
32.09515,-101.78397,0
29.909088,-94.71783,2991181
35.676422,-100.37649,188058
33.591534,-97.413124,194640
28.925915,-95.969635,0
32.176796,-103.173134,7391170
29.06372,-95.87271,0
31.34289,-103.81356,0
29.762072,-96.01156,0
32.4504,-94.23617,0
29.877476,-95.69555,1885450
32.749325,-99.91709,314920
33.673172,-98.1966,775771
31.869177,-102.542755,0
29.14801,-96.03225,0
35.94236,-101.507774,8990
32.395508,-97.40041,11077748
32.802402,-104.17837,5214696
33.50994,-98.9686,98373
31.167852,-103.46216,43816160
32.756817,-103.70031,1253968
35.432434,-100.90668,225190
32.31191,-97.51687,0
31.0573,-103.29,0
34.097507,-98.55452,126451
35.713886,-101.486916,65352
29.760044,-94.42511,622583
32.36027,-102.561005,0
35.441986,-100.85575,529275
30.499369,-94.37134,592758
31.637398,-95.50343,1665759
33.82877,-98.62031,270052
31.489342,-102.815704,7315313
33.01742,-98.94828,78812
29.060272,-97.48136,0
32.816654,-100.590904,8876508
32.13627,-96.35119,783379
32.822716,-102.414024,5127302
32.322792,-94.086136,3140557
30.514656,-94.58986,1604898
31.861425,-104.01229,29605637
35.647633,-101.23923,0
31.225962,-102.294464,382395
31.975393,-103.683044,32169891
35.564236,-100.30109,1481922
31.703957,-102.94098,8398101
32.358063,-94.09223,8894009
31.207996,-103.14362,20299803
30.125635,-96.80691,140386
33.01936,-103.31444,865736
32.85445,-104.04339,8363467
32.65182,-104.10776,319512
32.365353,-102.99863,0
31.824883,-99.971756,91155
32.367554,-101.59299,0
29.312515,-97.935974,1085
29.751749,-95.80247,0
32.36215,-94.06652,8398955
35.568703,-101.07461,0
32.951725,-103.39799,4695307
33.023968,-101.40946,0
31.46052,-101.55769,0
31.69061,-102.30407,0
31.413294,-103.72632,0
29.461874,-95.57222,0
32.681923,-97.68893,1490572
31.986275,-101.875336,0
35.67121,-101.39758,986004
32.458485,-94.90219,30440014
32.14259,-101.26813,0
31.0564,-102.890465,0
31.895126,-95.933,6800375
33.195736,-99.59764,168109
31.776443,-103.39187,12955641
32.06433,-94.96611,2514582
32.362553,-101.948135,5924196
33.1086,-103.02675,25246933
35.654713,-101.305855,7
32.709415,-99.36787,1180
31.910393,-102.46043,264
31.83467,-103.18021,3183036
29.268335,-97.119064,356939
31.29433,-103.69345,0
28.673609,-96.8162,76216
31.15949,-103.067924,46825519
32.551926,-102.64034,5560658
31.21776,-100.68092,0
33.185535,-98.25346,0
31.858225,-104.01305,27233581
27.423548,-98.81866,0
27.929691,-99.489655,0
32.30888,-103.729225,87401
32.177822,-101.577156,2035304
31.89309,-101.65472,58647
31.877441,-102.6682,2801958
32.296593,-102.68316,1113024
32.016994,-102.39053,210989
32.15155,-102.89773,2825994
